<?xml version="1.0" encoding="UTF-8"?>
<project-private xmlns="http://www.netbeans.org/ns/project-private/1">
    <editor-bookmarks xmlns="http://www.netbeans.org/ns/editor-bookmarks/2" lastBookmarkId="0"/>
    <open-files xmlns="http://www.netbeans.org/ns/projectui-open-files/2">
        <group>
            <file>file:/C:/Users/Anis/Desktop/aaaaa/pharmacie_java/src/Service/VenteServices.java</file>
            <file>file:/C:/Users/Anis/Desktop/aaaaa/pharmacie_java/src/Entites/Vente.java</file>
            <file>file:/C:/Users/Anis/Desktop/aaaaa/pharmacie_java/src/Forms/ClientGUI.java</file>
            <file>file:/C:/Users/Anis/Desktop/aaaaa/pharmacie_java/src/Forms/VenteGUI.java</file>
            <file>file:/C:/Users/Anis/Desktop/aaaaa/pharmacie_java/src/Service/ClientServices.java</file>
            <file>file:/C:/Users/Anis/Desktop/aaaaa/pharmacie_java/src/Forms/StockGUI.java</file>
            <file>file:/C:/Users/Anis/Desktop/aaaaa/pharmacie_java/src/Service/StockServices.java</file>
            <file>file:/C:/Users/Anis/Desktop/aaaaa/pharmacie_java/src/Forms/Welcome.java</file>
            <file>file:/C:/Users/Anis/Desktop/aaaaa/pharmacie_java/src/Entites/Stock.java</file>
        </group>
    </open-files>
</project-private>
